{
    "Ar36": {
        "error": 0.0023023035440567093, 
        "fit": "parabolic", 
        "value": 0.029027827369270145
    }, 
    "Ar37": {
        "error": 0.13882063379163317, 
        "fit": "linear", 
        "value": -0.035051632719225796
    }, 
    "Ar38": {
        "error": 0.15541345636718593, 
        "fit": "linear", 
        "value": 1.1400757281658709
    }, 
    "Ar39": {
        "error": 0.10771192609433373, 
        "fit": "parabolic", 
        "value": 97.318605619559349
    }, 
    "Ar40": {
        "error": 0.47100187140261007, 
        "fit": "parabolic", 
        "value": 1348.7635105125603
    }, 
    "Ar41": {
        "error": 0.12315569617719924, 
        "fit": "average_SEM", 
        "value": 0.067244484746130179
    }
}