{
    "Ar36": {
        "error": 0.0023861965934336075, 
        "fit": "parabolic", 
        "value": 0.029443507654795944
    }, 
    "Ar37": {
        "error": 0.14636560807390273, 
        "fit": "linear", 
        "value": 0.0018132618058944918
    }, 
    "Ar38": {
        "error": 0.24476449302202663, 
        "fit": "linear", 
        "value": 1.1844419749843507
    }, 
    "Ar39": {
        "error": 0.11226148513357266, 
        "fit": "parabolic", 
        "value": 98.085585198654982
    }, 
    "Ar40": {
        "error": 0.47545253978728569, 
        "fit": "parabolic", 
        "value": 1356.8345223486103
    }, 
    "Ar41": {
        "error": 0.12485646185921587, 
        "fit": "average_SEM", 
        "value": -0.1874668702040799
    }
}