{
    "Ar36": {
        "error": 0.0014598639526471947, 
        "fit": "parabolic", 
        "value": 0.01065216679139094
    }, 
    "Ar37": {
        "error": 0.13393305146318496, 
        "fit": "linear", 
        "value": 0.47706179056105102
    }, 
    "Ar38": {
        "error": 0.151678482640587, 
        "fit": "linear", 
        "value": 3.1317792016997523
    }, 
    "Ar39": {
        "error": 0.1523307248552655, 
        "fit": "parabolic", 
        "value": 261.11419199189669
    }, 
    "Ar40": {
        "error": 0.4353885325835577, 
        "fit": "parabolic", 
        "value": 1071.9584584052814
    }, 
    "Ar41": {
        "error": 0.1202479756867457, 
        "fit": "average_SEM", 
        "value": 0.041243097117170689
    }
}