{
    "Ar36": {
        "error": 0.0021764921050566937, 
        "fit": "parabolic", 
        "value": 0.018167768304617062
    }, 
    "Ar37": {
        "error": 0.14112074850156137, 
        "fit": "linear", 
        "value": 1.4593895724499295
    }, 
    "Ar38": {
        "error": 0.15763903640131005, 
        "fit": "linear", 
        "value": 9.5246518352726959
    }, 
    "Ar39": {
        "error": 0.27797984768103967, 
        "fit": "parabolic", 
        "value": 781.78576486312818
    }, 
    "Ar40": {
        "error": 0.76263387793724113, 
        "fit": "parabolic", 
        "value": 3215.6011201721294
    }, 
    "Ar41": {
        "error": 0.12434036166369677, 
        "fit": "average_SEM", 
        "value": 0.099295683934091356
    }
}