{
    "Ar36": {
        "error": 0.001690859730002486, 
        "fit": "parabolic", 
        "value": 0.012118689056399286
    }, 
    "Ar37": {
        "error": 0.14029524168237945, 
        "fit": "linear", 
        "value": 0.94097238558325236
    }, 
    "Ar38": {
        "error": 0.19717150215476489, 
        "fit": "linear", 
        "value": 4.5696348170268681
    }, 
    "Ar39": {
        "error": 0.18291932951484757, 
        "fit": "parabolic", 
        "value": 373.03714370119718
    }, 
    "Ar40": {
        "error": 0.48036794823298556, 
        "fit": "parabolic", 
        "value": 1525.2115137056971
    }, 
    "Ar41": {
        "error": 0.12978737720816044, 
        "fit": "average_SEM", 
        "value": -0.1958734347638674
    }
}