{
    "Ar36": {
        "error": 0.0019903946020591455, 
        "fit": "parabolic", 
        "value": 0.020007074339887632
    }, 
    "Ar37": {
        "error": 0.14178511248220932, 
        "fit": "linear", 
        "value": 0.75054259589154537
    }, 
    "Ar38": {
        "error": 0.21892568043955804, 
        "fit": "linear", 
        "value": 3.5788484094737703
    }, 
    "Ar39": {
        "error": 0.188962361294125, 
        "fit": "parabolic", 
        "value": 304.59346101399404
    }, 
    "Ar40": {
        "error": 0.47138902692671825, 
        "fit": "parabolic", 
        "value": 1253.7778375830612
    }, 
    "Ar41": {
        "error": 0.12841284411535783, 
        "fit": "average_SEM", 
        "value": -0.20437275622319431
    }
}