{
    "Ar36": {
        "error": 0.0021175555390987987, 
        "fit": "parabolic", 
        "value": 0.01666859865883473
    }, 
    "Ar37": {
        "error": 0.13417997460325878, 
        "fit": "linear", 
        "value": 1.3285321937907009
    }, 
    "Ar38": {
        "error": 0.20771626124435991, 
        "fit": "linear", 
        "value": 6.5284030809866955
    }, 
    "Ar39": {
        "error": 0.24328240536949405, 
        "fit": "parabolic", 
        "value": 533.07638248821115
    }, 
    "Ar40": {
        "error": 0.53356466293739624, 
        "fit": "parabolic", 
        "value": 2196.2464383880833
    }, 
    "Ar41": {
        "error": 0.1245554818782801, 
        "fit": "average_SEM", 
        "value": -0.16303303697286173
    }
}