{
    "Ar36": {
        "error": 0.0017170948879170114, 
        "fit": "parabolic", 
        "value": 0.01047564976034716
    }, 
    "Ar37": {
        "error": 0.14228390430896071, 
        "fit": "linear", 
        "value": 0.44986073109756103
    }, 
    "Ar38": {
        "error": 0.13910036727555136, 
        "fit": "linear", 
        "value": 5.3186415596182703
    }, 
    "Ar39": {
        "error": 0.19374013795379552, 
        "fit": "parabolic", 
        "value": 435.69648931696764
    }, 
    "Ar40": {
        "error": 0.52260340798461768, 
        "fit": "parabolic", 
        "value": 1784.1096053088488
    }, 
    "Ar41": {
        "error": 0.12705497538647101, 
        "fit": "average_SEM", 
        "value": 0.28042907166294756
    }
}