{
    "Ar36": {
        "error": 0.0017387958188132267, 
        "fit": "parabolic", 
        "value": 0.0082519647039840729
    }, 
    "Ar37": {
        "error": 0.13657805555911712, 
        "fit": "linear", 
        "value": 0.53611951386407641
    }, 
    "Ar38": {
        "error": 0.14364247862598029, 
        "fit": "linear", 
        "value": 5.164606575891793
    }, 
    "Ar39": {
        "error": 0.18550681098911861, 
        "fit": "parabolic", 
        "value": 424.2407561602439
    }, 
    "Ar40": {
        "error": 0.54295805862661151, 
        "fit": "parabolic", 
        "value": 1733.5666017396945
    }, 
    "Ar41": {
        "error": 0.11919830388716733, 
        "fit": "average_SEM", 
        "value": 0.28076903917652091
    }
}