{
    "Ar36": {
        "error": 0.001541206570033162, 
        "fit": "parabolic", 
        "value": 0.007409690711261567
    }, 
    "Ar37": {
        "error": 0.13772336225809348, 
        "fit": "linear", 
        "value": 0.22905113222871593
    }, 
    "Ar38": {
        "error": 0.1328550544311215, 
        "fit": "linear", 
        "value": 2.4996897204645658
    }, 
    "Ar39": {
        "error": 0.13358996632966252, 
        "fit": "parabolic", 
        "value": 208.24946295953941
    }, 
    "Ar40": {
        "error": 0.3781913773640046, 
        "fit": "parabolic", 
        "value": 851.31732049128664
    }, 
    "Ar41": {
        "error": 0.12131923461261739, 
        "fit": "average_SEM", 
        "value": 0.25092119459994139
    }
}