{
    "Ar36": {
        "error": 0.00090287192904143793, 
        "fit": "linear", 
        "value": 0.0038592252626477403
    }, 
    "Ar37": {
        "error": 0.13542294256736093, 
        "fit": "linear", 
        "value": 0.002088446462742451
    }, 
    "Ar38": {
        "error": 0.15862659825908573, 
        "fit": "linear", 
        "value": -0.10709646684488697
    }, 
    "Ar39": {
        "error": 0.05921508629733617, 
        "fit": "linear", 
        "value": 1.3870845142231398
    }, 
    "Ar40": {
        "error": 0.13678477319197727, 
        "fit": "linear", 
        "value": 6.597679420021211
    }, 
    "Ar41": {
        "error": 0.13316059159568797, 
        "fit": "average_SEM", 
        "value": 0.23986130607624848
    }
}