{
    "Ar36": {
        "error": 0.0011191313510314639, 
        "fit": "linear", 
        "value": 0.0055568394077261168
    }, 
    "Ar37": {
        "error": 0.12084787406508717, 
        "fit": "linear", 
        "value": 0.043200155903911491
    }, 
    "Ar38": {
        "error": 0.14906747877790946, 
        "fit": "linear", 
        "value": 0.48279418806025565
    }, 
    "Ar39": {
        "error": 0.075644215387325631, 
        "fit": "linear", 
        "value": 49.627380734513082
    }, 
    "Ar40": {
        "error": 0.23015646815214783, 
        "fit": "linear", 
        "value": 204.0933146380886
    }, 
    "Ar41": {
        "error": 0.12096616751810593, 
        "fit": "average_SEM", 
        "value": 0.25668675517508138
    }
}