{
    "Ar36": {
        "error": 0.00089649413697828555, 
        "fit": "linear", 
        "value": 0.0040594388774719227
    }, 
    "Ar37": {
        "error": 0.14596655830094302, 
        "fit": "linear", 
        "value": -0.018971238296629188
    }, 
    "Ar38": {
        "error": 0.16333554088977945, 
        "fit": "linear", 
        "value": -0.14618748917264993
    }, 
    "Ar39": {
        "error": 0.060670856631744333, 
        "fit": "linear", 
        "value": 1.1922823225872885
    }, 
    "Ar40": {
        "error": 0.13170385342899374, 
        "fit": "linear", 
        "value": 6.0465189786090523
    }, 
    "Ar41": {
        "error": 0.11667986314648622, 
        "fit": "average_SEM", 
        "value": 0.20819657577434555
    }
}