{
    "Ar36": {
        "error": 0.0011382890953896716, 
        "fit": "linear", 
        "value": 0.0059110111740187203
    }, 
    "Ar37": {
        "error": 0.13293874497160477, 
        "fit": "linear", 
        "value": 0.11485159285982442
    }, 
    "Ar38": {
        "error": 0.15313858433485961, 
        "fit": "linear", 
        "value": 1.187431372730567
    }, 
    "Ar39": {
        "error": 0.11289661420925264, 
        "fit": "linear", 
        "value": 105.10847654817397
    }, 
    "Ar40": {
        "error": 0.30217944350952297, 
        "fit": "linear", 
        "value": 430.51575357976782
    }, 
    "Ar41": {
        "error": 0.10840232046360113, 
        "fit": "average_SEM", 
        "value": 0.24983706271275877
    }
}