{
    "Ar36": {
        "error": 0.0011791675775426247, 
        "fit": "linear", 
        "value": 0.0070912992782006072
    }, 
    "Ar37": {
        "error": 0.13763832727291037, 
        "fit": "linear", 
        "value": 0.1144024374359793
    }, 
    "Ar38": {
        "error": 0.15221942250319526, 
        "fit": "linear", 
        "value": 0.75511086995731413
    }, 
    "Ar39": {
        "error": 0.10678827646633643, 
        "fit": "linear", 
        "value": 74.337355143061174
    }, 
    "Ar40": {
        "error": 0.23999004091145745, 
        "fit": "linear", 
        "value": 307.20134156153449
    }, 
    "Ar41": {
        "error": 0.11169540249757184, 
        "fit": "average_SEM", 
        "value": 0.23327177765895613
    }
}