{
    "Ar36": {
        "error": 0.0012765140805592954, 
        "fit": "linear", 
        "value": 0.0090577414068870946
    }, 
    "Ar37": {
        "error": 0.13402729629525639, 
        "fit": "linear", 
        "value": 0.083827456678811099
    }, 
    "Ar38": {
        "error": 0.16505746410871203, 
        "fit": "linear", 
        "value": 0.41629648760104931
    }, 
    "Ar39": {
        "error": 0.090267654953282969, 
        "fit": "linear", 
        "value": 47.566258531120283
    }, 
    "Ar40": {
        "error": 0.22550524179430237, 
        "fit": "linear", 
        "value": 196.46564258478446
    }, 
    "Ar41": {
        "error": 0.1043770902038182, 
        "fit": "average_SEM", 
        "value": 0.22575170715029041
    }
}