{
    "Ar36": {
        "error": 0.0010281045193776088, 
        "fit": "linear", 
        "value": 0.0038903072886959001
    }, 
    "Ar37": {
        "error": 0.15518632871967025, 
        "fit": "linear", 
        "value": 0.042054145671675106
    }, 
    "Ar38": {
        "error": 0.13975427749610994, 
        "fit": "linear", 
        "value": -0.027513509310586187
    }, 
    "Ar39": {
        "error": 0.071463186789427785, 
        "fit": "linear", 
        "value": 10.352321898818534
    }, 
    "Ar40": {
        "error": 0.15797551965977669, 
        "fit": "linear", 
        "value": 43.583086564363633
    }, 
    "Ar41": {
        "error": 0.11695850475437299, 
        "fit": "average_SEM", 
        "value": -0.038570847458516556
    }
}