{
    "Ar36": {
        "error": 0.00099170811604577802, 
        "fit": "linear", 
        "value": 0.0043371476290356989
    }, 
    "Ar37": {
        "error": 0.11760834544014927, 
        "fit": "linear", 
        "value": 0.018472404502195231
    }, 
    "Ar38": {
        "error": 0.13087626370279587, 
        "fit": "linear", 
        "value": 0.0075409793693834593
    }, 
    "Ar39": {
        "error": 0.075292854945544732, 
        "fit": "linear", 
        "value": 14.720701525573052
    }, 
    "Ar40": {
        "error": 0.14862312312366466, 
        "fit": "linear", 
        "value": 61.456146533995124
    }, 
    "Ar41": {
        "error": 0.11188551051002592, 
        "fit": "average_SEM", 
        "value": 0.23533268647578856
    }
}