{
    "Ar36": {
        "error": 0.0013574218612663431, 
        "fit": "linear", 
        "value": 0.007794354701552866
    }, 
    "Ar37": {
        "error": 0.14163425925141601, 
        "fit": "linear", 
        "value": 0.12427004837870764
    }, 
    "Ar38": {
        "error": 0.14153728958339379, 
        "fit": "linear", 
        "value": 0.77664643333209105
    }, 
    "Ar39": {
        "error": 0.092021769824055008, 
        "fit": "linear", 
        "value": 69.870794876667489
    }, 
    "Ar40": {
        "error": 0.2437893151602199, 
        "fit": "linear", 
        "value": 286.92968681115235
    }, 
    "Ar41": {
        "error": 0.11675614062307936, 
        "fit": "average_SEM", 
        "value": -0.043691159581455093
    }
}