{
    "Ar36": {
        "error": 0.000970646501976048, 
        "fit": "linear", 
        "value": 0.0037938401435047564
    }, 
    "Ar37": {
        "error": 0.13070171931287883, 
        "fit": "linear", 
        "value": 0.074297948786589629
    }, 
    "Ar38": {
        "error": 0.13611776039224285, 
        "fit": "linear", 
        "value": 0.67831795573352682
    }, 
    "Ar39": {
        "error": 0.088029291157799436, 
        "fit": "linear", 
        "value": 65.922725170307601
    }, 
    "Ar40": {
        "error": 0.23379966624676596, 
        "fit": "linear", 
        "value": 272.15358602145403
    }, 
    "Ar41": {
        "error": 0.12360360786330653, 
        "fit": "average_SEM", 
        "value": -0.02993426689800496
    }
}