{
    "Ar36": {
        "error": 0.00093829167935389286, 
        "fit": "linear", 
        "value": 0.0045188224632870906
    }, 
    "Ar37": {
        "error": 0.13133863473789201, 
        "fit": "linear", 
        "value": 0.28645225184304035
    }, 
    "Ar38": {
        "error": 0.1341822904512221, 
        "fit": "linear", 
        "value": 2.7379520081626381
    }, 
    "Ar39": {
        "error": 0.14480524998337754, 
        "fit": "linear", 
        "value": 230.8905501268203
    }, 
    "Ar40": {
        "error": 0.39296252227595907, 
        "fit": "linear", 
        "value": 944.82318334018237
    }, 
    "Ar41": {
        "error": 0.12079409202810241, 
        "fit": "average_SEM", 
        "value": 0.27531510709474483
    }
}