{
    "Ar36": {
        "error": 0.0023603974916842321, 
        "fit": "linear", 
        "value": 0.031076160238661908
    }, 
    "Ar37": {
        "error": 0.14109520076268536, 
        "fit": "linear", 
        "value": 0.72154809999004965
    }, 
    "Ar38": {
        "error": 0.14384094645273376, 
        "fit": "linear", 
        "value": 6.2944351231294862
    }, 
    "Ar39": {
        "error": 0.22026968456953258, 
        "fit": "linear", 
        "value": 517.2307462301228
    }, 
    "Ar40": {
        "error": 0.61430868634552016, 
        "fit": "linear", 
        "value": 2117.7736586666965
    }, 
    "Ar41": {
        "error": 0.13010448870937893, 
        "fit": "average_SEM", 
        "value": -0.24208550533240972
    }
}