{
    "Ar36": {
        "error": 0.0016011198620587185, 
        "fit": "parabolic", 
        "value": 0.012413560671352675
    }, 
    "Ar37": {
        "error": 0.13151367190628127, 
        "fit": "linear", 
        "value": -0.072581008389994803
    }, 
    "Ar38": {
        "error": 0.16336154656363383, 
        "fit": "linear", 
        "value": -0.12721723975830862
    }, 
    "Ar39": {
        "error": 0.057074194059004518, 
        "fit": "parabolic", 
        "value": -0.23054840206129193
    }, 
    "Ar40": {
        "error": 0.13505600985525201, 
        "fit": "parabolic", 
        "value": 3.7565988012470983
    }, 
    "Ar41": {
        "error": 0.12588993306032475, 
        "fit": "average_SEM", 
        "value": 0.010558122168062255
    }
}