{
    "Ar36": {
        "error": 0.002173618339738179, 
        "fit": "parabolic", 
        "value": 0.02398059951639888
    }, 
    "Ar37": {
        "error": 0.14445172553913502, 
        "fit": "linear", 
        "value": 0.91634265142683313
    }, 
    "Ar38": {
        "error": 0.18916448896637747, 
        "fit": "linear", 
        "value": 4.9065992142359462
    }, 
    "Ar39": {
        "error": 0.19864263068192448, 
        "fit": "parabolic", 
        "value": 400.69073292157645
    }, 
    "Ar40": {
        "error": 0.50022639134161118, 
        "fit": "parabolic", 
        "value": 1647.6892209811381
    }, 
    "Ar41": {
        "error": 0.11952551616618144, 
        "fit": "average_SEM", 
        "value": -0.18523733137920498
    }
}