{
    "Ar36": {
        "error": 0.0021993910505184121, 
        "fit": "parabolic", 
        "value": 0.025699014426002025
    }, 
    "Ar37": {
        "error": 0.13743010846184447, 
        "fit": "linear", 
        "value": 1.0357756653872636
    }, 
    "Ar38": {
        "error": 0.20945003274201021, 
        "fit": "linear", 
        "value": 3.3289600368315333
    }, 
    "Ar39": {
        "error": 0.1643547225256059, 
        "fit": "parabolic", 
        "value": 274.6409270921431
    }, 
    "Ar40": {
        "error": 0.44737867401487519, 
        "fit": "parabolic", 
        "value": 1134.9172747791015
    }, 
    "Ar41": {
        "error": 0.12694837782209434, 
        "fit": "average_SEM", 
        "value": -0.21095957445725799
    }
}