{
    "Ar36": {
        "error": 0.0020957819230063473, 
        "fit": "parabolic", 
        "value": 0.021598824458434057
    }, 
    "Ar37": {
        "error": 0.14191379658629841, 
        "fit": "linear", 
        "value": 0.74873640781098305
    }, 
    "Ar38": {
        "error": 0.20304254304776215, 
        "fit": "linear", 
        "value": 3.6484340342561339
    }, 
    "Ar39": {
        "error": 0.15911207036670641, 
        "fit": "parabolic", 
        "value": 303.22926501043946
    }, 
    "Ar40": {
        "error": 0.49785289941274857, 
        "fit": "parabolic", 
        "value": 1250.353931123524
    }, 
    "Ar41": {
        "error": 0.11729170937661751, 
        "fit": "average_SEM", 
        "value": -0.20731626315321774
    }
}