{
    "Ar36": {
        "error": 0.0015227143246328181, 
        "fit": "parabolic", 
        "value": 0.010768918963134661
    }, 
    "Ar37": {
        "error": 0.14675591642145802, 
        "fit": "linear", 
        "value": -0.019144935899202357
    }, 
    "Ar38": {
        "error": 0.15564072460936687, 
        "fit": "linear", 
        "value": -0.12387802916331456
    }, 
    "Ar39": {
        "error": 0.058132639176402268, 
        "fit": "parabolic", 
        "value": -0.23685437214730487
    }, 
    "Ar40": {
        "error": 0.12457162514416388, 
        "fit": "parabolic", 
        "value": 3.2368210815274985
    }, 
    "Ar41": {
        "error": 0.12083130262091586, 
        "fit": "average_SEM", 
        "value": -0.25229182140529155
    }
}