{
    "Ar36": {
        "error": 0.0013725973507703675, 
        "fit": "parabolic", 
        "value": 0.0094177642090000849
    }, 
    "Ar37": {
        "error": 0.14506294017250107, 
        "fit": "linear", 
        "value": -0.015203606640719184
    }, 
    "Ar38": {
        "error": 0.14087502140460392, 
        "fit": "linear", 
        "value": -0.094354614752734739
    }, 
    "Ar39": {
        "error": 0.010802668659766528, 
        "fit": "parabolic", 
        "value": 0.019516671819449206
    }, 
    "Ar40": {
        "error": 0.12994536180383817, 
        "fit": "parabolic", 
        "value": 2.7171532762383617
    }, 
    "Ar41": {
        "error": 0.11698554830435215, 
        "fit": "average_SEM", 
        "value": -0.24679540440750619
    }
}