{
    "Ar36": {
        "error": 0.0010843584702153696, 
        "fit": "parabolic", 
        "value": 0.0040995433353922372
    }, 
    "Ar37": {
        "error": 0.14541194119741238, 
        "fit": "linear", 
        "value": -0.020838402417821256
    }, 
    "Ar38": {
        "error": 0.16467661639287265, 
        "fit": "linear", 
        "value": -0.1546574981875477
    }, 
    "Ar39": {
        "error": 0.0079267232359165832, 
        "fit": "parabolic", 
        "value": 0.0053676665465543279
    }, 
    "Ar40": {
        "error": 0.14978838350748971, 
        "fit": "parabolic", 
        "value": 1.1036226719030398
    }, 
    "Ar41": {
        "error": 0.12186495312123465, 
        "fit": "average_SEM", 
        "value": 0.21923461256988552
    }
}