{
    "Ar36": {
        "error": 0.0011950382817796541, 
        "fit": "parabolic", 
        "value": 0.0038452334058344476
    }, 
    "Ar37": {
        "error": 0.12980735623970485, 
        "fit": "linear", 
        "value": -0.001883242183981621
    }, 
    "Ar38": {
        "error": 0.14643688600759239, 
        "fit": "linear", 
        "value": -0.11361752893115667
    }, 
    "Ar39": {
        "error": 0.0096728219554504773, 
        "fit": "parabolic", 
        "value": 0.00389638101348857
    }, 
    "Ar40": {
        "error": 0.14208523806353321, 
        "fit": "parabolic", 
        "value": 0.8560540442875989
    }, 
    "Ar41": {
        "error": 0.12227242434581105, 
        "fit": "average_SEM", 
        "value": -0.027892788024069484
    }
}