{
    "Ar36": {
        "error": 0.0019917713421556478, 
        "fit": "parabolic", 
        "value": 0.020662166025641714
    }, 
    "Ar37": {
        "error": 0.14249212319844154, 
        "fit": "linear", 
        "value": 0.0065689151442900121
    }, 
    "Ar38": {
        "error": 0.18952868533510606, 
        "fit": "linear", 
        "value": -0.084871951102655593
    }, 
    "Ar39": {
        "error": 0.05944197471919762, 
        "fit": "parabolic", 
        "value": -0.17424215494709561
    }, 
    "Ar40": {
        "error": 0.1342341658611575, 
        "fit": "parabolic", 
        "value": 6.473520992862464
    }, 
    "Ar41": {
        "error": 0.12537653953447533, 
        "fit": "average_SEM", 
        "value": -0.24352019500824659
    }
}