{
    "Ar36": {
        "error": 0.0012446374648734638, 
        "fit": "parabolic", 
        "value": 0.0053514053893466912
    }, 
    "Ar37": {
        "error": 0.13862003564693307, 
        "fit": "linear", 
        "value": 0.016680982326176395
    }, 
    "Ar38": {
        "error": 0.12673355054467644, 
        "fit": "linear", 
        "value": -0.1171161435728032
    }, 
    "Ar39": {
        "error": 0.066451514440879877, 
        "fit": "parabolic", 
        "value": -0.0077983072679608939
    }, 
    "Ar40": {
        "error": 0.13151722086496739, 
        "fit": "parabolic", 
        "value": 1.3490035993810301
    }, 
    "Ar41": {
        "error": 0.12960062740304215, 
        "fit": "average_SEM", 
        "value": -0.031134235151548638
    }
}