{
    "Ar36": {
        "error": 0.0010402553351146248, 
        "fit": "parabolic", 
        "value": 0.0038438319220043815
    }, 
    "Ar37": {
        "error": 0.13035583040860993, 
        "fit": "linear", 
        "value": -0.010463178823339605
    }, 
    "Ar38": {
        "error": 0.15502890449106826, 
        "fit": "linear", 
        "value": -0.16291518030940616
    }, 
    "Ar39": {
        "error": 0.0084710279882615359, 
        "fit": "parabolic", 
        "value": 0.0053552052624824403
    }, 
    "Ar40": {
        "error": 0.13658052332126003, 
        "fit": "parabolic", 
        "value": 0.96445880596041189
    }, 
    "Ar41": {
        "error": 0.11556854142884052, 
        "fit": "average_SEM", 
        "value": 0.24218303795884519
    }
}