{
    "Ar36": {
        "error": 0.0011369554133007439, 
        "fit": "parabolic", 
        "value": 0.0036067241756128805
    }, 
    "Ar37": {
        "error": 0.14140250792745904, 
        "fit": "linear", 
        "value": 0.0087191926476237851
    }, 
    "Ar38": {
        "error": 0.15534170097423566, 
        "fit": "linear", 
        "value": -0.13089230057742601
    }, 
    "Ar39": {
        "error": 0.0067472050204752517, 
        "fit": "parabolic", 
        "value": 0.0051670406228323997
    }, 
    "Ar40": {
        "error": 0.12396481698567022, 
        "fit": "parabolic", 
        "value": 0.94413558569150879
    }, 
    "Ar41": {
        "error": 0.11746846155983057, 
        "fit": "average_SEM", 
        "value": 0.25269897762983518
    }
}